"logFC","AveExpr","t","P.Value","adj.P.Val","B","change","geneName"
1.33161488149353,8.23871978813065,5.75882159864402,2.11063498854308e-06,0.0280693347126344,3.41326169689356,"up","ERF"
1.37649058182917,6.26836421808726,4.96479259481938,2.15007161913537e-05,0.142969012314406,1.7938974043793,"up","PTGER4P2-CDK2AP2P2"
1.41126877167937,5.60332626760924,4.43944107231695,9.8733717838987e-05,0.408721267141709,0.703440241987246,"up","PMS2P9"
1.41126877167937,5.60332626760924,4.43944107231695,9.8733717838987e-05,0.408721267141709,0.703440241987246,"up","PMS2P6"
1.41126877167937,5.60332626760924,4.43944107231695,9.8733717838987e-05,0.408721267141709,0.703440241987246,"up","LOC441259"
1.41126877167937,5.60332626760924,4.43944107231695,9.8733717838987e-05,0.408721267141709,0.703440241987246,"up","PMS2P5"
1.41126877167937,5.60332626760924,4.43944107231695,9.8733717838987e-05,0.408721267141709,0.703440241987246,"up","PMS2P4"
1.41126877167937,5.60332626760924,4.43944107231695,9.8733717838987e-05,0.408721267141709,0.703440241987246,"up","PMS2P1"
0.808986695800533,5.95654213249564,4.12580938500546,0.000242178828943182,0.408721267141709,0.0536333688722097,"up","RAD54L2"
1.03715811641734,6.15970864616695,4.06140403115094,0.000290683002384953,0.408721267141709,-0.079166613,"up","RBL1"
-1.201437769,4.16978020763655,-4.053851396,0.000296960184897473,0.408721267141709,-0.094719821,"down","RFXAP"
-0.910240875,10.0058276836691,-3.975904273,0.000370012614419106,0.408721267141709,-0.254965386,"down","RFK"
0.944927845916221,7.68182916312677,3.92764250755308,0.0004237672435189,0.408721267141709,-0.353911569,"up","STON1"
-1.797411072,9.91343948620434,-3.901973065,0.000455392312236818,0.408721267141709,-0.406446066,"down","COL5A2"
-1.304576702,5.20821962192811,-3.890378671,0.000470421235044848,0.408721267141709,-0.430152639,"down","PDC"
-0.875631644,6.44023203465954,-3.716835632,0.000762365920086611,0.408721267141709,-0.783129932,"down","MRPS16"
0.994200183587286,7.12939290112755,3.62816199048308,0.000973230272342427,0.408721267141709,-0.961944635,"up","NRIP2"
-0.878222165,8.2602181160435,-3.59361909,0.00106982735298299,0.408721267141709,-1.031279409,"down","CNR1"
1.50762348201189,6.70706157766262,3.57749626774043,0.00111803001883889,0.408721267141709,-1.063575609,"up","LILRA4"
1.36175909194401,5.21401664364164,3.57146356909441,0.00113660074117632,0.408721267141709,-1.07564893,"up","FGF20"
-1.41490587,7.40130467251871,-3.531655075,0.00126683649896765,0.408721267141709,-1.155164337,"down","FAR2"
0.941672807819366,7.64426843234729,3.48632566500976,0.00143269831715698,0.408721267141709,-1.245370247,"up","CNGB3"
1.30462208241734,7.03305719298256,3.46117564674853,0.00153356209089068,0.408721267141709,-1.295257458,"up","CCNB2"
1.22628782991851,6.32083498272862,3.44055134547421,0.00162134931126134,0.408721267141709,-1.336078536,"up","KLRB1"
1.39485433518759,6.04335638063272,3.43694358717618,0.00163719495674776,0.408721267141709,-1.343210877,"up","HPR"
1.39485433518759,6.04335638063272,3.43694358717618,0.00163719495674776,0.408721267141709,-1.343210877,"up","HP"
-1.343209759,8.95055886068383,-3.43255137,0.00165668732574142,0.408721267141709,-1.351890645,"down","WIF1"
0.904847969668702,5.79935761356827,3.39774225776744,0.00181926573092249,0.408721267141709,-1.420545015,"up","PDZD3"
1.02128587410233,6.61940000165848,3.37640171613715,0.00192641054290035,0.408721267141709,-1.462514674,"up","TEAD3"
1.35377354326247,5.80506297955863,3.37445900345794,0.00193645997685444,0.408721267141709,-1.466330694,"up","INCENP"
1.13804336562551,5.93085426465484,3.35524969290428,0.00203857610743768,0.408721267141709,-1.504020739,"up","LRAT"
1.00193700727897,4.71888455538895,3.35463377357762,0.00204193438278025,0.408721267141709,-1.505227936,"up","AVPR2"
1.15308648288483,3.12662826147589,3.34132752036354,0.00211579611366074,0.408721267141709,-1.531288439,"up","ZBTB7C"
1.01980922615713,7.36895289011114,3.32043722343545,0.00223695169046814,0.408721267141709,-1.572125748,"up","GPRC5C"
1.01862316452298,6.85904639261317,3.31915315273059,0.00224461185814855,0.408721267141709,-1.574632816,"up","RANBP17"
1.46996939622919,5.7346548632707,3.31010198353586,0.00229932459891032,0.408721267141709,-1.592294401,"up","FBXW4P1"
0.803137148764981,6.78969354634782,3.3060985482043,0.00232393026068365,0.408721267141709,-1.600100561,"up","IRAK4"
-1.205199909,8.86914588089873,-3.305903611,0.00232513478749027,0.408721267141709,-1.600480571,"down","TRIM36"
0.802967529383032,9.14329825560914,3.30210592454325,0.00234872062775117,0.408721267141709,-1.607882101,"up","SCD5"
1.10097868288641,5.21387871370911,3.29100518630886,0.00241898394979485,0.408721267141709,-1.629498523,"up","UMOD"
0.985526574344155,6.30819248762852,3.27612048249554,0.0025163628283737,0.408721267141709,-1.65843989,"up","LTB4R"
-0.852075961,7.94373031737759,-3.269312738,0.00256214067674006,0.408721267141709,-1.671659857,"down","COL4A1"
0.878231113243801,8.22916778718295,3.26603002092507,0.0025844986319244,0.408721267141709,-1.678030769,"up","WWTR1"
-0.862467815,4.42053633469059,-3.212886262,0.00297346545164774,0.408721267141709,-1.780818292,"down","PCDHA2"
0.958423478818262,7.92499592357205,3.1999667739138,0.00307614642860047,0.408721267141709,-1.805704358,"up","ROBO3"
1.0082128212779,4.71871221189538,3.19628673817088,0.00310600808403871,0.408721267141709,-1.812785538,"up","LOC389906"
1.30574760463968,6.78816198344577,3.15895119738644,0.00342501352057777,0.408721267141709,-1.884437052,"up","HOXB1"
-0.852968323,10.0771477791973,-3.141433145,0.00358523123302621,0.408721267141709,-1.917934975,"down","RFPL1S"
-0.804950191,8.6390458413869,-3.136028606,0.00363608348738035,0.408721267141709,-1.928253576,"down","NETO2"
-1.914451985,5.32483286309132,-3.098885152,0.00400458828512527,0.408721267141709,-1.998962845,"down","USP9Y"
-1.319722899,8.99534850039615,-3.095762188,0.00403713851954296,0.408721267141709,-2.004891301,"down","TAC1"
1.21122118239142,5.61312349645174,3.08605089234582,0.00413997118979596,0.408721267141709,-2.023309911,"up","BTF3P13"
-0.827605472,9.58350911636304,-3.075821416,0.0042509777716821,0.408721267141709,-2.042683706,"down","GRIA1"
1.00565739262182,7.12942603995223,3.06170042308155,0.00440886170608688,0.408721267141709,-2.069380736,"up","CD3D"
1.13638491840205,5.85488097013701,3.05343513773701,0.0045038378039285,0.408721267141709,-2.084981504,"up","SLFN12"
1.35169750644086,5.72854803606081,3.04577860413416,0.00459354651100384,0.408721267141709,-2.099416302,"up","ERMAP"
1.27628089563903,4.41514737167597,3.04154144723523,0.0046439168458641,0.408721267141709,-2.107397533,"up","AKR1C4"
1.01094384932049,6.75452965201712,3.04107529198446,0.00464949023423334,0.408721267141709,-2.108275289,"up","BIN3-IT1"
0.900940828025382,6.30325425137905,3.02974648049665,0.00478690266210622,0.408721267141709,-2.129588265,"up","GLRA1"
1.05833275737746,6.24640134787276,3.02777929183899,0.00481115209556814,0.408721267141709,-2.133285453,"up","F9"
0.883718523919568,7.07711124159621,3.00975680934535,0.00503879240204648,0.408721267141709,-2.167106012,"up","CPB1"
0.83977580857028,5.4477825219738,2.99738994124638,0.00520085187568531,0.408721267141709,-2.190259311,"up","ADAM8"
0.883019465692332,5.01620957417202,2.97856966927095,0.00545696381072876,0.408721267141709,-2.225409133,"up","CCL23"
0.964557412313538,5.27293249804516,2.9745927395985,0.00551258680666663,0.408721267141709,-2.232823335,"up","VNN3"
1.58797938507189,3.27924154629984,2.97016752774848,0.00557510886427752,0.408721267141709,-2.241067761,"up","SI"
-0.827234643,10.7781129081912,-2.967150357,0.0056181204725809,0.408721267141709,-2.246685586,"down","SYNGR3"
1.28331919767823,5.94271113101588,2.96649536552495,0.00562749907677842,0.408721267141709,-2.247904791,"up","MYH7B"
0.824853110072868,8.72347135442191,2.95459064916411,0.00580055521897588,0.408721267141709,-2.270041921,"up","GTF2H3"
-1.221060372,7.42512559465601,-2.944136135,0.00595665896859232,0.408721267141709,-2.289447188,"down","GPR22"
1.10097879865744,5.33783585804575,2.93977161016556,0.00602299380826753,0.408721267141709,-2.297538653,"up","PRAMEF10"
1.05143646525092,4.93634735978912,2.93938891181668,0.00602884339211037,0.408721267141709,-2.298247868,"up","LINC00302"
-0.987180453,9.02620907084275,-2.933842573,0.00611422323871598,0.408721267141709,-2.308521296,"down","GAD1"
1.08905244433751,4.71539948685832,2.92513220883141,0.00625061326736286,0.408721267141709,-2.324636407,"up","DMRT1"
0.999361025655494,7.43631082823765,2.92395423951521,0.00626927684583881,0.408721267141709,-2.326813987,"up","COPZ2"
1.54537644952795,3.81319278270697,2.91413315556969,0.00642693642058754,0.408721267141709,-2.344952437,"up","RAD21L1"
1.77323378078948,7.48655828300507,2.91209043486651,0.00646019415980745,0.408721267141709,-2.348721359,"up","SLC47A1"
1.31038642303894,4.8833402671889,2.91029016653167,0.00648963874702897,0.408721267141709,-2.352041868,"up","LOC101060604"
1.31038642303894,4.8833402671889,2.91029016653167,0.00648963874702897,0.408721267141709,-2.352041868,"up","SMG1P3"
1.31038642303894,4.8833402671889,2.91029016653167,0.00648963874702897,0.408721267141709,-2.352041868,"up","SLC7A5P1"
-1.067529173,10.0869079671404,-2.903444132,0.00660276767238956,0.408721267141709,-2.364659823,"down","CCK"
0.999555802428017,5.78336504932707,2.86112474572423,0.007344307956094,0.408721267141709,-2.442330223,"up","SSX1"
2.16006785355051,6.94081985161326,2.85858792155998,0.00739115610208989,0.408721267141709,-2.446967948,"up","LTF"
-0.951651047,11.0456522410004,-2.854611459,0.00746515520145098,0.408721267141709,-2.454233369,"down","SERPINI1"
1.26436576577741,7.39968602986923,2.84303300666057,0.0076846005120194,0.408721267141709,-2.475359145,"up","CYP4F12"
-0.911201477,9.89452992490006,-2.828081909,0.00797692233815462,0.408721267141709,-2.502573573,"down","LDB2"
0.888223343439072,5.93097795217307,2.82794220700557,0.00797970228611529,0.408721267141709,-2.502827515,"up","CYP27B1"
1.08584024528971,6.78102838417463,2.82541328920933,0.0080301826225673,0.408721267141709,-2.507423314,"up","MYOM1"
1.2983662374476,5.73281492715041,2.81872520426257,0.00816513072090009,0.408721267141709,-2.519567326,"up","ST3GAL1"
1.08896563678064,5.63211252434387,2.80648332820735,0.00841765747654686,0.408721267141709,-2.541757067,"up","HIST1H3I"
0.887078112497604,6.48270906282553,2.80373757340194,0.00847529211000339,0.408721267141709,-2.546727145,"up","FOLH1"
-1.25503557,5.9279248561647,-2.802970975,0.00849144918215943,0.408721267141709,-2.548114309,"down","NUP93"
-0.940038707,5.9997316558678,-2.788464747,0.00880267183541107,0.408721267141709,-2.574325925,"down","RAB23"
0.914242552324654,6.15754190459546,2.78357474831156,0.00890996546260732,0.408721267141709,-2.583145656,"up","UNC93B1"
1.06362474123489,5.07000954890453,2.77472452722719,0.00910726627869783,0.408721267141709,-2.599087348,"up","CD72"
0.89421746191637,7.27030872680777,2.77143444426328,0.00918164827541747,0.408721267141709,-2.605006837,"up","P2RY14"
0.842103696084703,6.09290865532081,2.7709914069685,0.00919170767392927,0.408721267141709,-2.605803661,"up","SIT1"
1.08919889637065,5.73187041102665,2.7696103,0.00922313255338147,0.408721267141709,-2.608287216,"up","RASSF8"
0.828688084244631,7.47331303943339,2.768047298,0.00925881716657961,0.408721267141709,-2.611097065,"up","KIFC3"
1.23602839270635,4.86651346988558,2.76001067267784,0.00944434427293073,0.408721267141709,-2.625531366,"up","CYP4F2"
1.23602839270635,4.86651346988558,2.76001067267784,0.00944434427293073,0.408721267141709,-2.625531366,"up","CYP4F3"
-0.83200911,7.525132003,-2.756488569,0.00952674144517169,0.408721267141709,-2.631850229,"down","B4GALT6"
0.844278613004465,6.20546324571194,2.74522516004941,0.00979476546613499,0.408721267141709,-2.652028395,"up","CYP2D6"
0.997099596482061,5.13451908817957,2.73524921125317,0.0100380088841201,0.408721267141709,-2.669862927,"up","RBP3"
0.981348217873042,5.86390559330235,2.73430468479047,0.0100613287076309,0.408721267141709,-2.671549688,"up","F2RL3"
0.982740465261532,4.5498275502252,2.73279688204706,0.0100986601547773,0.408721267141709,-2.674241708,"up","GRAP"
0.815419390827988,4.33034819847371,2.72818856478406,0.0102135583240815,0.410468468494751,-2.682464374,"up","E2F2"
1.24177791575983,7.03052632812935,2.72585557797454,0.0102721894078769,0.410468468494751,-2.686624271,"up","PRLH"
1.36689725973843,6.33467224991928,2.71881635454142,0.0104509998707166,0.412067600345705,-2.699164006,"up","RFX4"
0.834141661587135,6.1608161992301,2.71511761461873,0.0105461126782562,0.412067600345705,-2.705745882,"up","MBTD1"
0.938620268773519,4.02500685151041,2.71067681612594,0.0106613717403512,0.412067600345705,-2.713641766,"up","LRIT1"
-0.816985322,8.18818374277667,-2.710308728,0.0106709777429947,0.412067600345705,-2.714295922,"down","CAMK1G"
0.808602636930159,4.21466024644428,2.70535754442099,0.0108009739222668,0.412067600345705,-2.723090273,"up","IGF2-AS"
-1.03862985,5.57076324457405,-2.701370071,0.0109067366935632,0.412067600345705,-2.730166443,"down","ELAVL2"
-1.127973945,6.23286496262591,-2.691317904,0.0111776471843565,0.412067600345705,-2.747979463,"down","YPEL1"
0.828789704067559,5.25487230844089,2.68990530901682,0.0112162146603489,0.412067600345705,-2.75047972,"up","SPAG11A"
0.828789704067559,5.25487230844089,2.68990530901682,0.0112162146603489,0.412067600345705,-2.75047972,"up","SPAG11B"
0.803401740266315,6.86308676727415,2.6891244995608,0.011237585799529,0.412067600345705,-2.751861421,"up","DPEP1"
0.93562759715803,6.47540909541481,2.67871879659109,0.0115260306660099,0.412067600345705,-2.770253817,"up","RSRC1"
-1.340896337,6.67600211356878,-2.66978633,0.0117791065949968,0.412067600345705,-2.786010517,"down","NELL1"
-0.910005118,9.2489744316733,-2.665254716,0.0119094599467062,0.412067600345705,-2.793992938,"down","SST"
0.925351097951602,3.68667206027687,2.66442817932684,0.011933379391274,0.412067600345705,-2.795448059,"up","COMP"
0.837082783293798,5.1056785504969,2.66370593698195,0.0119543171171727,0.412067600345705,-2.796719362,"up","TEX14"
1.09880450637938,4.59596573373585,2.65305483859863,0.0122670748063823,0.412067600345705,-2.815445095,"up","TFDP3"
1.09154437196802,5.8406251657716,2.65274654264724,0.0122762395534066,0.412067600345705,-2.815986482,"up","CD79B"
0.987954650132394,5.45032195080435,2.65097499088142,0.0123290258199798,0.412067600345705,-2.819096747,"up","EPYC"
-0.840856064,10.8921669159801,-2.631817254,0.0129134554034962,0.412067600345705,-2.852656192,"down","ATP6V1G2"
0.807349319170559,8.19455110557281,2.62739253077703,0.0130520346576855,0.412067600345705,-2.860387477,"up","PAGR1"
1.07768252675221,5.68380022456549,2.62484073402254,0.0131325796930209,0.412067600345705,-2.864842832,"up","CD38"
0.817712789170545,6.68172138527822,2.62228552594412,0.0132136930850757,0.412067600345705,-2.869301661,"up","DOCK2"
-0.880420736,10.9605702591767,-2.611709133,0.0135543878089322,0.412067600345705,-2.887730918,"down","HSPH1"
-1.156497162,8.97035429859484,-2.600356729,0.0139291046283307,0.415553137562114,-2.907464603,"down","ITFG1"
0.951947802973168,6.07355108472189,2.58648969204806,0.0143998030820659,0.41732379919834,-2.931501813,"up","ECRP"
0.828612598373042,4.88137408428085,2.57546041738015,0.0147846126739781,0.41732379919834,-2.950566529,"up","TOP3B"
1.0301456420739,5.82630099391178,2.57088860780362,0.0149468853734472,0.41732379919834,-2.958455173,"up","HOXB9"
-0.816552601,10.0969794604304,-2.569515173,0.0149959541522003,0.41732379919834,-2.960823425,"down","HPRT1"
0.990091433369462,5.35205655982476,2.56924574755821,0.0150055973299557,0.41732379919834,-2.961287915,"up","KANK3"
0.881173634450054,5.63749648867917,2.56759781726489,0.0150647040000214,0.41732379919834,-2.96412833,"up","HBE1"
-1.399916085,7.54348986419707,-2.56655137,0.0151023484612356,0.41732379919834,-2.965931457,"down","TTR"
0.947675852249712,4.97310760247295,2.56520633994334,0.015150861386198,0.41732379919834,-2.968248436,"up","AP4E1"
1.00657543370891,6.52674820539024,2.55526380432046,0.0155139498453006,0.41732379919834,-2.985353454,"up","GCK"
0.959653277811077,6.1556780177037,2.5549242143592,0.0155264916128764,0.41732379919834,-2.985936988,"up","CLC"
0.815132988438433,6.63039532175666,2.54931459774141,0.0157350220375362,0.41732379919834,-2.995569616,"up","RPA4"
0.862944925007929,8.59643716163191,2.54218704663613,0.0160036984558157,0.41732379919834,-3.007790665,"up","SLC44A1"
0.870829294901665,6.90258958669548,2.54203772120205,0.0160093722280351,0.41732379919834,-3.008046484,"up","GLI1"
1.10362111394743,6.89859813117289,2.53893020116058,0.016127866412613,0.41732379919834,-3.013368147,"up","TMEM127"
-0.920487511,8.8875007940862,-2.511087129,0.0172261137487927,0.41732379919834,-3.060875768,"down","RAPGEFL1"
0.895944128786807,6.64576623096333,2.50381920495098,0.01752388109621,0.41732379919834,-3.073224848,"up","KIR3DL1"
0.82208994643641,5.87178843791621,2.50203051607993,0.0175978843865682,0.41732379919834,-3.076260726,"up","CCT8L2"
0.901526568779158,4.28995587424678,2.4990286642861,0.0177227243314336,0.41732379919834,-3.081352707,"up","H2AFB1"
0.901526568779158,4.28995587424678,2.4990286642861,0.0177227243314336,0.41732379919834,-3.081352707,"up","H2AFB2"
0.901526568779158,4.28995587424678,2.4990286642861,0.0177227243314336,0.41732379919834,-3.081352707,"up","H2AFB3"
1.09258070536259,10.5972054955297,2.49520280335309,0.0178830100711945,0.41732379919834,-3.087837062,"up","APLNR"
0.981136940545772,5.43984692950259,2.49371219085009,0.0179458187956171,0.41732379919834,-3.09036183,"up","BAIAP2L2"
0.856098391359338,5.96620131810198,2.49278342229465,0.0179850557550544,0.41732379919834,-3.091934495,"up","LOC101928669"
0.856098391359338,5.96620131810198,2.49278342229465,0.0179850557550544,0.41732379919834,-3.091934495,"up","LOC644450"
1.13891959658916,6.18436938297669,2.49263484528481,0.0179913398635711,0.41732379919834,-3.092186044,"up","ONECUT1"
0.98271863428839,6.31736167910015,2.49045325538289,0.0180838428965199,0.41732379919834,-3.095878549,"up","PDE12"
-1.100198584,9.69177957568239,-2.488057879,0.0181859127568445,0.41732379919834,-3.099930635,"down","CACNG3"
2.4192312103048,10.2189264603965,2.48344558641517,0.0183839364083216,0.41732379919834,-3.107726221,"up","XIST"
-0.802885294,8.57583282433713,-2.481569584,0.0184650441094371,0.41732379919834,-3.110894469,"down","GLRB"
-0.837793528,6.90038463742928,-2.453304016,0.0197274035003409,0.41732379919834,-3.158452067,"down","PRC1"
0.970844375720172,5.88153774162354,2.45269112744449,0.0197556292379452,0.41732379919834,-3.159479546,"up","MUC3A"
-0.849445192,10.0151224722542,-2.451560019,0.0198078177868232,0.41732379919834,-3.161375379,"down","ST6GALNAC5"
-1.205475333,5.77151667801016,-2.447830736,0.0199807780043533,0.41732379919834,-3.167622134,"down","CITED1"
0.822389867947833,6.08501571759339,2.44569785239537,0.0200803179896053,0.41732379919834,-3.17119218,"up","DOK2"
0.843248893903112,6.48586021839174,2.44550049009778,0.0200895515885642,0.41732379919834,-3.171522429,"up","PTK7"
-0.815315145,8.18132400455326,-2.43927167,0.0203829669575965,0.41732379919834,-3.181936705,"down","SCG3"
1.00105830827503,4.6859767605893,2.43131595804587,0.0207634176558746,0.41732379919834,-3.195214186,"up","EFNA4"
0.829824674242537,6.63933162057618,2.42175016462852,0.0212294365105523,0.41732379919834,-3.211142855,"up","GJC1"
-0.903404532,6.52482116992701,-2.415911044,0.0215185688614455,0.41732379919834,-3.220846618,"down","CDH13"
0.925909415170242,6.82076935710363,2.41571804334926,0.0215281865351218,0.41732379919834,-3.221167106,"up","PRX"
-0.800892821,11.4348360535459,-2.408377974,0.0218968789672682,0.41732379919834,-3.233343697,"down","TUBB3"
-0.943408139,6.68347922447379,-2.387416684,0.0229816364342351,0.41732379919834,-3.267987689,"down","RPA3"
-0.879672756,12.0752060958693,-2.385572547,0.0230793722071274,0.41732379919834,-3.271026399,"down","SYT1"
0.891353864522192,3.82119315544029,2.3851477491279,0.0231019391631062,0.41732379919834,-3.271726155,"up","SAA3P"
-0.957967051,9.86146405937214,-2.384790706,0.0231209222281001,0.41732379919834,-3.27231424,"down","PLK2"
1.38606044949403,4.61742278410694,2.37822379998276,0.0234726051232464,0.41732379919834,-3.283120556,"up","RAB9BP1"
0.928229934447817,6.47904174781443,2.37662506719993,0.0235589556171965,0.41732379919834,-3.285748506,"up","TSSC4"
0.835639864716066,4.83516703325357,2.37517529292784,0.0236375099168163,0.41732379919834,-3.288130625,"up","EMC10"
1.04101820711149,4.66133243710636,2.37036343095764,0.0238999426908327,0.41732379919834,-3.296030307,"up","SAMD9"
0.914283755299575,5.9543705945052,2.36970297478734,0.023936168818741,0.41732379919834,-3.297113784,"up","CPB2"
1.0743198890473,2.59215557711968,2.36875579202343,0.0239882089412359,0.41732379919834,-3.298667296,"up","SPATA31C2"
-1.106774688,3.55075603388125,-2.350564755,0.0250077864255396,0.41732379919834,-3.328425598,"down","LGSN"
0.851263436715287,5.7824370826535,2.34593919880531,0.0252732286012909,0.41732379919834,-3.335968825,"up","F10"
0.923312602995197,4.41137783006596,2.34477935297511,0.0253401865032904,0.41732379919834,-3.337858761,"up","PARD6B"
-0.848266583,7.00536775233513,-2.336234497,0.0258384534893778,0.41732379919834,-3.351763675,"down","MRPS15"
0.812560327372899,3.579975296,2.3256667831575,0.0264669332144703,0.41732379919834,-3.36891467,"up","EPB41"
-0.849430353,11.5811952084011,-2.321747297,0.0267035238728197,0.41732379919834,-3.375262947,"down","VSNL1"
0.891444198163663,5.19449630773544,2.31576457130429,0.0270683443342202,0.41732379919834,-3.384939486,"up","CASP5"
-1.131248098,9.72427966343873,-2.313814334,0.0271882373339258,0.41732379919834,-3.38809029,"down","MCTP1"
-1.067917934,9.358378031,-2.308003831,0.0275482930279126,0.41732379919834,-3.397467411,"down","GOT1"
0.814277658049799,7.43691649961677,2.30300092850991,0.0278617473632477,0.41732379919834,-3.405528787,"up","CHD2"
0.935328756081242,7.27801044447146,2.29702745188111,0.0282402255912771,0.41732379919834,-3.415138987,"up","AIM2"
1.27365107110448,3.58602873800471,2.29226619770869,0.0285452116956103,0.41732379919834,-3.422787145,"up","IFNA8"
-1.14995979,7.19675217116432,-2.288657093,0.0287783708731192,0.41732379919834,-3.428577572,"down","JPH3"
1.09070180806497,4.79383833149814,2.2858492661183,0.0289609505433935,0.41732379919834,-3.433078253,"up","P2RY10"
1.03502182090066,4.54722254703529,2.2817352714333,0.0292303490266258,0.41732379919834,-3.439665977,"up","CXCR2"
0.973626328064685,4.15239292002849,2.28112375069298,0.0292705856056962,0.41732379919834,-3.44064453,"up","SAGE1"
1.1984304424609,4.60324957994531,2.27003578218086,0.0300088487431398,0.41732379919834,-3.458357173,"up","FAHD2CP"
1.1984304424609,4.60324957994531,2.27003578218086,0.0300088487431398,0.41732379919834,-3.458357173,"up","FAHD2B"
1.1984304424609,4.60324957994531,2.27003578218086,0.0300088487431398,0.41732379919834,-3.458357173,"up","FAHD2A"
1.10281852759535,4.59778339423822,2.26922201304665,0.0300636857278452,0.41732379919834,-3.459654875,"up","HHLA2"
1.00900166478255,7.02889758344349,2.26687956472556,0.030222038439194,0.41732379919834,-3.463388598,"up","FOXO4"
0.959904590025957,6.30947374126596,2.26611033032159,0.0302742031159413,0.41732379919834,-3.46461415,"up","SLC25A10"
-1.53765762,4.52282189183828,-2.262537659,0.0305175421726875,0.41732379919834,-3.470302519,"down","SELE"
-1.220729612,5.63865235837286,-2.255723145,0.0309865675518929,0.41732379919834,-3.48113585,"down","TTTY14"
0.800316800701959,5.70718024154848,2.25192123569647,0.0312510483841214,0.41732379919834,-3.487170384,"up","SYCE1L"
0.80259619460037,9.41515214702168,2.24977428140473,0.0314012958636306,0.41732379919834,-3.490575089,"up","SLC14A1"
1.13522804493407,5.50344450111131,2.23944714018341,0.0321331068850168,0.41732379919834,-3.506921616,"up","ARSJ"
1.00108336085863,5.34694283563656,2.22579004826923,0.0331243675035014,0.41732379919834,-3.528460949,"up","GC"
-0.912399399,7.22864988356473,-2.225592868,0.0331388777634695,0.41732379919834,-3.52877128,"down","DHRS7B"
0.945584814127142,6.27532302183474,2.21899558296619,0.0336276565683752,0.41732379919834,-3.539143566,"up","CRLF2"
0.937357869721017,6.53044416411798,2.21756915678076,0.0337341822465933,0.41732379919834,-3.541383447,"up","MON1B"
1.0937734514026,6.19266032634882,2.21520405953407,0.033911473684584,0.41732379919834,-3.54509514,"up","HLA-DRB4"
0.816358054613785,5.3011115909175,2.21425272924453,0.0339830217370687,0.41732379919834,-3.54658736,"up","INHBA"
0.821260548837851,4.54669187407374,2.21308438942468,0.0340710755138149,0.41732379919834,-3.548419375,"up","DDC"
-1.039404105,5.772179745,-2.210695581,0.0342517474483485,0.41732379919834,-3.552163093,"down","LOC100996756"
-0.829356074,11.7620514465201,-2.205151883,0.034674337777295,0.41732379919834,-3.560840485,"down","ENC1"
-0.903220783,11.1109295877239,-2.20309017,0.0348326851900682,0.41732379919834,-3.564063825,"down","STMN2"
-0.83752226,11.1642479395243,-2.201036673,0.0349910437454889,0.41732379919834,-3.567272268,"down","NEFL"
-0.817126771,9.18024432555456,-2.198439363,0.0351922605318228,0.41732379919834,-3.571327446,"down","NOS1AP"
1.10083604091168,4.31189527299213,2.19816256966287,0.0352137648490147,0.41732379919834,-3.571759409,"up","PCDHGA8"
0.827823312924554,6.14881610709022,2.19686993580595,0.0353143463519849,0.41732379919834,-3.573776199,"up","RAMP2"
-0.936205938,8.23696150338511,-2.19387831,0.0355481134149495,0.41732379919834,-3.578440664,"down","DOCK3"
-0.838399214,6.99080948533686,-2.187955618,0.0360149945623771,0.41732379919834,-3.587662287,"down","PNOC"
1.00735536009893,5.24716837526972,2.18565093499956,0.0361981448442666,0.41732379919834,-3.591246038,"up","CYP3A7-CYP3A51P"
1.00735536009893,5.24716837526972,2.18565093499956,0.0361981448442666,0.41732379919834,-3.591246038,"up","CYP3A7"
0.804361768203466,4.81448134020633,2.18396676685473,0.0363325086301135,0.41732379919834,-3.593863252,"up","FOLR3"
-0.94760583,5.91648427338117,-2.183657288,0.0363572473267547,0.41732379919834,-3.594344034,"down","TCHH"
-1.04713748,5.83710208308508,-2.182161837,0.036477000546223,0.41732379919834,-3.596666587,"down","GDAP1"
0.959642718455874,4.69997772552557,2.17885999969516,0.0367426527873633,0.41732379919834,-3.601790712,"up","ZNF155"
0.995538231243174,4.32355021223559,2.1781127726572,0.0368030104200888,0.41732379919834,-3.602949592,"up","FAM66D"
-0.825343493,6.46930074648493,-2.174554187,0.0370916713956425,0.417725498770249,-3.608464855,"down","OCA2"
0.872028438494487,6.40932930480215,2.16925346899045,0.037525389917154,0.417725498770249,-3.616668587,"up","CNTLN"
0.982293372085934,3.4075736451433,2.16221807242418,0.0381080181776643,0.419110273335566,-3.627535577,"up","RCAN3"
1.01750371473197,5.45581331617684,2.15486603796371,0.0387254579844959,0.419110273335566,-3.63886543,"up","ANKRD1"
0.879342894002181,4.16199956774625,2.15250618642685,0.0389255212095281,0.419110273335566,-3.642496383,"up","KCNH1"
0.885593853140447,4.70225748207226,2.15065624850315,0.0390829970439051,0.419110273335566,-3.645340824,"up","POU5F1P4"
1.02055635786374,5.56122760625999,2.14341009612608,0.039705291944331,0.419110273335566,-3.65646597,"up","HPSE2"
0.869582496024564,5.56619832417089,2.14007370299516,0.0399947669654438,0.419110273335566,-3.661579565,"up","LOC100505874"
0.869582496024564,5.56619832417089,2.14007370299516,0.0399947669654438,0.419110273335566,-3.661579565,"up","MLLT10P1"
0.884394808393096,5.93963120463622,2.13937904959225,0.0400552722580793,0.419110273335566,-3.662643539,"up","C1orf56"
0.815485495579442,6.50995279254385,2.13671141138407,0.0402883832752061,0.419110273335566,-3.666727209,"up","LMNB1"
-1.696105332,8.07020357503116,-2.131158355,0.0407775015744955,0.419110273335566,-3.675216465,"down","RPS4Y1"
0.882856376061831,3.87831807924331,2.12910277108152,0.0409598908279842,0.419471959778075,-3.678355012,"up","IGHV4-31"
0.882856376061831,3.87831807924331,2.12910277108152,0.0409598908279842,0.419471959778075,-3.678355012,"up","IGHM"
0.882856376061831,3.87831807924331,2.12910277108152,0.0409598908279842,0.419471959778075,-3.678355012,"up","IGHG3"
0.882856376061831,3.87831807924331,2.12910277108152,0.0409598908279842,0.419471959778075,-3.678355012,"up","IGHG1"
0.882856376061831,3.87831807924331,2.12910277108152,0.0409598908279842,0.419471959778075,-3.678355012,"up","IGHD"
0.882856376061831,3.87831807924331,2.12910277108152,0.0409598908279842,0.419471959778075,-3.678355012,"up","IGHA2"
0.882856376061831,3.87831807924331,2.12910277108152,0.0409598908279842,0.419471959778075,-3.678355012,"up","IGHA1"
0.882856376061831,3.87831807924331,2.12910277108152,0.0409598908279842,0.419471959778075,-3.678355012,"up","IGH"
0.919592195534675,5.65897854012305,2.12759218184741,0.0410943842661718,0.419471959778075,-3.680660081,"up","SLC35F6"
0.919592195534675,5.65897854012305,2.12759218184741,0.0410943842661718,0.419471959778075,-3.680660081,"up","CENPA"
1.06781196896934,6.299775253,2.12484156045628,0.0413402884186579,0.419471959778075,-3.684854411,"up","XYLT2"
0.93885443274114,3.01610561042999,2.12389882408517,0.0414248682262844,0.419471959778075,-3.686291078,"up","SCGB2A1"
-0.847339016,11.8947675733996,-2.123726033,0.0414403872387395,0.419471959778075,-3.686554352,"down","MDH1"
-1.019849623,7.39529376313152,-2.114562229,0.0422708389009573,0.420177864659665,-3.70049515,"down","MPV17"
-0.846893732,9.17211308467663,-2.107761715,0.0428966140320333,0.422537285682463,-3.710813156,"down","CABP1"
0.850187752724562,6.33217915013416,2.10701329163892,0.0429659812859563,0.422537285682463,-3.711947256,"up","UPK3BL"
0.850187752724562,6.33217915013416,2.10701329163892,0.0429659812859563,0.422537285682463,-3.711947256,"up","POLR2J3"
0.850187752724562,6.33217915013416,2.10701329163892,0.0429659812859563,0.422537285682463,-3.711947256,"up","POLR2J2"
0.850187752724562,6.33217915013416,2.10701329163892,0.0429659812859563,0.422537285682463,-3.711947256,"up","POLR2J"
0.877017557342384,5.69906871980469,2.10643727804651,0.0430194364098093,0.422537285682463,-3.712819906,"up","FCGR1A"
0.883334440519788,4.56320137401478,2.09726855088497,0.0438782669529996,0.423285253173216,-3.726687558,"up","ENTPD2"
-0.947753952,7.04601528020193,-2.096326044,0.0439674044013145,0.423285253173216,-3.728110659,"down","MAPKAPK5"
0.904202056904867,6.98781540580677,2.08717610411288,0.0448411089472049,0.426567888332531,-3.741902568,"up","VCY1B"
0.904202056904867,6.98781540580677,2.08717610411288,0.0448411089472049,0.426567888332531,-3.741902568,"up","VCY"
0.843952442471058,6.19507457712186,2.07524638175626,0.0460032449711457,0.429289397994474,-3.759819797,"up","PDE9A"
1.02819864141543,5.64241187490104,2.06615453858736,0.0469066768188823,0.432541739406633,-3.7734254,"up","CACNA1E"
0.888323056063472,8.80152876751541,2.06169495442385,0.0473554983514594,0.432541739406633,-3.780083311,"up","GUSBP9"
0.888323056063472,8.80152876751541,2.06169495442385,0.0473554983514594,0.432541739406633,-3.780083311,"up","GUSBP3"
-0.932663681,4.58628499628405,-2.049666034,0.0485850114447088,0.43265618070423,-3.797990118,"down","CRTAM"
0.955565628354711,3.97443121259115,2.04732186561013,0.0488278568611296,0.43265618070423,-3.801470946,"up","GALR2"
0.89472555370166,4.56117402077099,2.04596336131149,0.0489690794912709,0.43265618070423,-3.803486854,"up","TSPAN2"
0.906592154671399,5.22830223917883,2.04479665660223,0.0490906499888548,0.43265618070423,-3.805217375,"up","ZNF471"
